TSA AREA,2020-04-12,2020-04-13,2020-04-14,2020-04-15,2020-04-16,2020-04-17,2020-04-18,2020-04-19,2020-04-20,2020-04-21,2020-04-22,2020-04-23,2020-04-24,2020-04-25,2020-04-26,2020-04-27,2020-04-28,2020-04-29,2020-04-30,2020-05-01,2020-05-02,2020-05-03,2020-05-04,2020-05-05,2020-05-06,2020-05-07,2020-05-08,2020-05-09,2020-05-10,2020-05-11,2020-05-12,2020-05-13,2020-05-14,2020-05-15,2020-05-16,2020-05-17,2020-05-18,2020-05-19,2020-05-20,2020-05-21,2020-05-22,2020-05-23,2020-05-24,2020-05-25,2020-05-26,2020-05-27,2020-05-28,2020-05-29,2020-05-30,2020-05-31,2020-06-01,2020-06-02,2020-06-03,2020-06-04,2020-06-05,2020-06-06,2020-06-07,2020-06-08,2020-06-09,2020-06-10,2020-06-11,2020-06-12,2020-06-13,2020-06-14,2020-06-15,2020-06-16,2020-06-17,2020-06-18,2020-06-19,2020-06-20,2020-06-21,2020-06-22,2020-06-23,2020-06-24,2020-06-25,2020-06-26,2020-06-27,2020-06-28,2020-06-29,2020-06-30,2020-07-01,2020-07-02,2020-07-03,2020-07-04,2020-07-05,2020-07-06,2020-07-07,2020-07-08,2020-07-09,2020-07-10,2020-07-11,2020-07-12,2020-07-13,2020-07-14,2020-07-15,2020-07-16,2020-07-17,2020-07-18,2020-07-19,2020-07-20,2020-07-21,2020-07-22,2020-07-23,2020-07-24,2020-07-25,2020-07-26,2020-07-27,2020-07-28,2020-07-29,2020-07-30,2020-07-31,2020-08-01,2020-08-02,2020-08-03,2020-08-04,2020-08-05,2020-08-06,2020-08-07,39668,2020-08-09,2020-08-10,2020-08-11,2020-08-12,2020-08-13,2020-08-14,2020-08-15,44059,2020-08-17,2020-08-18,2020-08-19,2020-08-20,2020-08-21,2020-08-22,2020-08-23,2020-08-24,2020-08-25,2020-08-26,2020-08-27,2020-08-28,2020-08-29,2020-08-30,2020-08-31,2020-09-01,2020-09-02,2020-09-03,2020-09-04,2020-09-05,2020-09-06,2020-09-07,2020-09-08,2020-09-09,2020-09-10,2020-09-11,2020-09-12,2020-09-13,2020-09-14,2020-09-15,2020-09-16
Amarillo,17,17,17,40,18,24,18,35,17,17,41,41,40,46,59,64,67,82,84,87,91,101,94,90,96,109,112,109,103,98,94,82,84,79,80,72,68,70,75,63,53,55,55,55,61,59,63,24,58,39,47,45,46,38,31,32,31,25,29,25,23,17,18,17,16,25,23,24,22,20,22,23,23,27,25,22,21,20,22,25,25,27,23,23,26,31,38,38,41,46,48,47,46,47,49,51,58,63,62,63,69,75,65,82,75,44,77,36,37,70,71,77,77,78,79,72,75,75,74,73,73,76,76,72,55,58,59,59,60,55,57,58,56,61,59,55,51,49,51,49,47,47,46,48,51,54,55,56,57,54,53,47,44,42,46,68,72,70
Lubbock,34,35,31,34,32,38,35,32,32,46,28,25,27,32,26,29,29,31,38,36,37,29,30,33,37,32,28,27,25,23,25,19,22,21,20,19,20,21,25,20,15,14,13,16,16,15,14,20,14,12,14,16,19,16,13,11,11,10,10,15,14,17,18,16,15,14,16,20,21,22,22,22,25,34,37,43,42,51,49,58,72,74,98,88,93,86,97,109,117,115,128,125,130,130,123,124,125,128,114,128,128,133,142,203,190,198,185,127,105,130,134,127,138,162,130,118,113,123,117,111,110,109,111,108,97,86,84,89,92,98,99,91,85,80,81,83,80,82,78,86,82,87,85,89,82,76,75,64,66,70,68,85,81,83,84,90,86,84
Wichita Falls,5,5,6,4,5,0,0,0,2,4,1,1,1,1,1,0,0,0,0,0,0,0,0,0,0,0,0,2,2,2,0,0,1,1,1,1,1,1,1,1,1,1,1,2,0,0,0,0,0,0,0,0,0,0,0,0,0,0,0,0,0,0,0,0,0,0,0,0,0,2,2,2,3,7,10,8,8,9,12,11,11,10,10,10,19,21,22,28,33,32,35,35,35,33,34,40,43,40,41,40,41,38,52,46,44,51,39,36,36,34,42,38,40,45,44,46,51,44,43,46,44,45,45,44,45,42,46,47,45,47,46,47,45,35,41,26,23,24,27,21,24,22,29,28,29,25,24,26,29,26,33,34,29,31,28,27,31,31
Abilene,6,7,2,6,5,8,3,10,6,7,11,9,9,6,6,7,6,4,4,4,4,6,4,5,3,3,2,1,3,5,4,3,4,3,3,3,3,4,4,7,3,3,4,5,4,1,1,2,2,3,2,1,1,1,1,1,0,1,1,1,0,0,0,1,0,1,1,1,2,1,1,2,5,5,6,8,7,9,9,10,10,10,13,18,22,33,22,24,24,20,22,34,38,34,31,28,26,29,40,30,31,29,60,63,61,57,58,47,54,61,66,61,55,61,58,65,66,62,60,51,43,47,43,45,47,46,42,41,36,30,34,33,39,23,40,29,27,27,23,26,27,29,30,36,37,31,30,23,26,25,28,30,27,27,29,30,29,31
Dallas/Ft. Worth,369,365,373,449,470,476,428,435,410,443,477,517,550,521,472,491,583,611,576,636,635,530,513,674,679,669,676,650,569,530,678,627,666,680,685,551,553,646,646,600,570,612,548,521,533,589,613,581,624,595,580,582,575,604,602,605,605,612,660,687,705,712,729,728,701,765,859,899,914,939,952,988,1074,1130,1137,1180,1248,1261,1288,1375,1411,1499,1534,1531,1562,1607,1704,1809,1826,1872,1825,1895,1867,1834,1854,1880,1918,1889,1901,1910,1907,1965,1810,1925,1716,1701,1634,1642,1723,1648,1582,1558,1523,1576,1544,1497,1443,1397,1337,1322,1282,1235,1229,1200,1218,1218,1155,1146,1133,1075,1055,1039,1011,969,963,925,931,910,880,883,851,831,845,828,801,778,893,761,677,798,771,780,750,741,762,776,742,732
Paris,14,16,21,18,15,12,12,17,16,19,19,17,19,17,17,19,18,14,16,18,19,17,16,16,13,16,16,12,14,16,16,14,11,13,15,14,14,12,13,17,23,23,20,16,18,22,22,24,20,16,14,15,18,26,20,21,22,21,29,32,25,29,28,30,28,26,29,27,24,27,24,22,25,25,33,32,35,34,35,37,38,38,43,46,49,51,52,53,58,66,74,69,70,64,64,57,68,68,75,74,75,82,82,122,132,191,125,121,126,123,113,113,114,112,109,109,102,113,111,102,115,110,105,105,104,94,103,112,112,105,107,111,108,76,110,78,76,72,72,69,67,64,74,77,77,72,74,74,69,71,71,81,82,70,74,78,69,69
Longview/Tyler,32,26,33,32,36,43,36,42,45,47,60,43,48,47,54,53,54,53,53,63,68,96,67,54,57,53,50,55,49,46,43,39,40,45,40,37,41,40,41,38,36,42,39,40,39,43,43,44,44,46,49,53,52,44,48,43,49,54,51,50,47,50,54,53,55,60,57,47,52,51,51,54,56,62,62,73,75,72,85,85,79,91,96,113,116,121,146,148,151,162,159,220,187,197,206,220,226,222,221,242,245,259,271,244,234,247,255,270,272,269,251,245,241,243,256,250,259,263,262,247,240,235,228,230,212,218,229,225,234,233,221,211,203,202,196,206,192,198,199,204,206,213,222,220,220,218,201,185,194,200,180,174,188,172,172,168,169,170
Lufkin,15,18,23,15,28,24,37,27,24,24,25,23,23,20,21,22,18,19,18,16,20,16,17,18,14,11,13,12,18,13,13,13,11,13,14,18,11,10,11,13,9,0,9,8,11,13,9,16,13,13,16,16,15,14,14,14,15,17,13,17,14,19,25,26,28,26,25,23,23,19,22,24,32,32,35,34,32,30,31,30,35,38,38,40,46,46,55,52,59,64,65,63,60,73,84,90,94,98,97,100,101,106,104,101,108,67,95,129,88,100,92,144,100,97,105,100,92,88,66,80,78,74,64,79,82,84,75,79,75,58,74,68,64,69,68,54,46,62,51,60,51,52,53,55,64,53,53,52,50,43,48,44,43,39,24,31,41,44
El Paso,14,23,12,30,24,28,33,24,29,49,49,52,56,52,60,67,65,58,68,77,74,69,64,73,72,74,81,99,103,98,98,93,90,91,105,98,108,111,126,118,116,124,128,125,126,127,123,120,115,112,109,112,112,109,104,110,110,115,119,111,99,97,93,94,94,97,105,112,107,108,110,110,116,133,130,139,136,147,149,160,177,180,193,200,211,218,246,259,260,261,251,277,285,283,287,273,268,292,270,286,302,306,183,317,322,195,288,282,266,279,264,277,277,290,288,250,255,236,231,211,207,208,185,194,183,161,161,147,160,168,161,166,135,136,136,131,131,134,139,137,132,123,130,126,122,106,107,105,102,105,115,110,113,114,110,110,114,118
Midland/Odessa,10,11,17,7,10,15,12,10,10,8,11,10,8,7,6,8,8,6,7,7,6,8,8,15,27,28,29,32,30,31,29,32,30,30,27,22,18,18,12,9,9,10,11,15,16,16,17,19,16,17,18,19,18,18,19,20,22,23,23,23,19,20,21,21,23,25,25,23,25,27,32,35,43,39,47,46,56,58,54,58,59,60,72,81,91,90,85,87,101,106,114,113,113,121,130,130,119,116,114,112,110,119,47,116,125,123,117,102,98,103,105,90,87,90,94,82,83,71,70,70,72,75,71,77,72,65,69,80,77,73,58,64,66,68,69,61,66,61,64,62,58,58,66,61,55,64,65,65,64,64,62,67,71,65,64,55,62,63
San Angelo,0,0,0,0,0,0,0,0,0,0,0,0,0,0,4,2,0,0,0,0,0,0,0,0,0,0,0,1,2,2,1,0,0,0,0,0,0,0,3,0,0,0,0,0,0,0,1,1,1,1,0,0,0,2,2,2,2,2,2,0,0,1,1,2,2,2,2,2,3,3,5,6,7,8,12,12,15,15,15,15,15,33,26,28,27,28,37,36,47,49,51,41,39,39,39,32,41,39,42,37,39,39,37,40,41,48,81,48,45,54,42,41,51,49,46,53,51,52,52,53,53,52,60,56,49,45,45,44,49,47,49,52,52,49,49,45,42,35,35,32,35,30,27,28,22,31,27,28,27,26,26,32,30,29,28,25,25,23
Belton/Killeen,11,12,13,16,16,15,15,12,11,15,13,15,16,12,16,16,14,16,15,12,17,13,12,17,12,11,12,9,9,9,12,14,9,15,11,11,14,19,21,10,19,13,12,10,2,4,6,9,9,17,21,21,25,24,25,22,24,22,20,18,19,16,17,16,16,14,15,20,18,18,20,24,31,33,24,30,40,34,34,31,40,47,51,55,62,61,69,76,75,73,76,77,75,100,97,84,92,92,93,95,87,84,142,83,70,68,66,74,78,111,106,64,61,58,61,69,73,67,65,61,57,60,65,59,66,65,67,67,70,69,72,69,63,61,61,59,59,45,41,43,46,42,47,50,47,50,59,51,51,45,46,40,37,32,32,33,32,37
Waco,9,2,5,5,6,4,4,1,1,3,2,3,3,3,3,2,2,1,1,2,3,3,2,2,1,1,1,1,1,1,1,1,0,2,2,1,2,3,1,0,0,1,1,1,1,0,0,0,0,2,2,2,2,2,2,2,2,2,2,1,2,5,5,5,5,5,7,7,6,6,8,7,12,14,14,15,14,17,24,29,31,32,29,29,31,31,33,38,45,45,54,58,65,70,76,77,72,73,75,80,76,79,79,82,78,78,83,82,88,78,71,70,74,67,68,63,68,71,75,64,59,65,64,62,62,53,51,57,60,57,55,47,50,57,60,57,49,44,40,43,40,39,38,37,39,41,42,42,37,37,35,37,37,38,33,33,36,38
Bryan/College Station,24,31,13,13,16,21,13,17,9,12,12,13,12,14,11,12,18,21,23,11,16,16,9,11,11,12,17,13,12,16,15,15,16,15,15,15,13,16,12,13,9,11,11,12,11,6,15,17,18,18,23,25,25,26,22,20,22,24,26,24,22,31,26,28,29,27,37,41,42,45,44,44,51,46,47,50,50,50,50,56,54,57,67,64,57,52,53,61,63,58,58,58,54,62,70,70,68,73,74,73,66,71,64,60,60,67,59,62,69,70,68,70,68,67,73,62,57,48,49,41,40,48,46,43,39,37,38,38,35,35,22,17,13,13,16,17,20,20,20,23,24,22,20,22,20,26,24,23,23,28,22,23,17,17,16,11,11,10
Austin,22,26,28,30,22,36,29,25,27,23,62,83,76,59,47,46,51,81,88,68,47,59,47,68,93,84,82,56,50,49,72,98,72,99,76,7,25,54,82,56,30,103,43,20,35,46,66,93,92,87,89,89,98,88,79,89,100,87,90,93,89,120,121,123,141,137,148,164,179,181,196,205,245,274,288,296,337,343,373,388,404,426,459,461,469,485,550,534,504,486,500,483,498,518,530,548,517,521,522,542,577,575,160,302,429,515,536,429,420,384,378,365,368,348,347,342,342,326,302,297,305,300,290,310,295,287,272,275,282,280,249,231,217,217,199,182,182,172,169,161,163,163,160,156,138,141,144,136,139,173,135,125,121,106,102,100,95,94
San Antonio,57,57,64,65,30,47,52,46,38,45,109,80,63,53,60,59,59,58,53,54,57,61,56,67,69,56,68,71,59,53,72,71,61,65,76,82,80,84,93,95,90,96,93,87,90,108,106,64,98,90,105,87,101,74,111,98,94,99,119,128,133,116,144,163,165,185,233,227,279,334,357,473,501,549,606,675,814,778,935,1010,1091,1170,1196,1208,1274,1313,1350,1414,1442,1439,1529,1490,1535,1563,1549,1555,1509,1520,1432,1473,1475,1432,619,908,934,1066,1073,1187,1157,1106,1075,1089,964,1012,1089,1035,1010,944,929,909,847,856,846,796,734,704,684,676,675,664,598,598,588,563,551,543,503,496,486,435,425,417,427,429,422,395,387,383,359,345,339,325,328,315,291,285,286,262
Houston,516,319,527,584,511,500,363,535,516,516,505,501,483,465,464,468,485,436,442,475,434,329,418,544,436,453,430,446,446,402,436,435,411,401,414,380,397,433,443,444,406,387,407,392,401,414,435,407,460,454,482,506,501,526,555,522,565,614,622,690,642,663,681,696,730,795,839,940,1031,1040,1062,1185,1293,1343,1496,1606,1691,1642,1767,2059,2139,2250,2257,2369,2442,2656,2699,2700,2742,2826,2842,2863,2842,2914,2884,2815,2763,2785,2742,2638,2803,2729,2369,2531,2471,2855,2288,2391,2296,2136,2177,2049,2023,2077,1936,1923,1839,1871,1798,1629,1625,1563,1512,1531,1453,1455,1342,1316,1385,1323,1178,1172,1070,1092,986,1007,1004,860,861,848,788,872,799,807,800,755,750,705,655,660,643,634,598,603,599,591,607,585
Galveston,76,84,97,96,101,104,111,94,110,110,125,128,136,142,127,115,124,132,124,129,101,88,92,118,114,57,53,58,52,52,40,47,46,55,121,112,111,123,117,117,117,122,116,119,101,114,89,115,106,91,111,108,115,96,119,122,126,123,147,142,111,131,137,136,154,157,164,152,159,144,193,166,194,223,230,271,297,268,298,303,318,315,308,300,334,364,408,421,333,385,432,431,458,515,436,420,411,413,396,381,372,417,430,415,418,407,391,328,384,364,386,360,329,371,345,348,368,289,317,283,275,288,277,306,292,288,289,309,275,287,262,260,238,248,212,188,223,147,152,148,159,168,166,185,189,167,177,182,173,172,188,158,158,150,156,146,155,151
Victoria,16,21,22,21,19,17,19,19,21,22,50,30,26,23,22,26,25,24,25,29,24,24,22,22,21,21,20,18,17,18,17,17,12,12,15,14,15,12,10,11,15,15,13,13,13,14,12,6,10,18,17,19,19,22,23,14,13,12,11,10,9,7,7,8,11,11,12,9,11,15,15,20,18,30,31,30,16,40,45,50,62,68,78,94,97,108,117,106,114,140,136,161,153,155,136,144,142,157,162,167,167,169,178,184,179,174,179,184,183,167,163,162,165,165,167,166,159,144,144,131,126,119,100,101,93,86,83,79,95,96,94,96,92,90,85,86,92,93,92,87,86,83,82,76,78,69,66,58,67,67,61,63,67,70,62,70,67,72
Laredo,25,24,28,26,27,31,31,25,27,27,23,20,28,25,24,23,20,23,18,20,21,23,23,20,18,19,18,18,18,17,14,13,14,15,16,15,14,13,13,14,14,14,13,14,14,14,15,16,15,14,14,12,10,12,11,12,10,9,9,12,12,12,12,11,11,10,14,14,15,16,18,15,20,24,33,42,44,50,54,71,82,91,100,95,90,93,103,110,116,123,150,154,149,165,159,155,162,131,157,166,168,169,167,180,164,224,170,179,253,190,219,225,221,219,221,221,219,209,201,196,205,195,175,175,168,183,182,189,185,170,152,154,153,156,162,162,153,155,147,138,135,133,132,131,128,117,114,118,121,145,124,122,111,112,107,107,102,100
Corpus Christi,9,12,9,12,7,11,13,8,9,9,6,8,6,9,9,4,4,4,4,4,16,16,4,4,4,6,5,8,9,9,9,8,16,22,17,7,7,6,12,5,13,8,9,9,9,8,9,8,6,6,6,8,10,7,8,11,8,7,8,7,7,12,11,14,15,14,18,20,24,26,26,31,38,39,38,85,94,107,109,127,163,173,208,217,227,249,303,328,322,341,337,360,355,348,333,351,382,338,426,430,414,411,528,448,445,437,448,445,438,422,482,434,385,372,371,372,392,371,356,351,347,363,353,301,299,288,285,286,278,274,264,280,259,244,251,266,246,215,209,169,181,163,162,162,155,162,159,157,149,139,131,156,131,129,121,112,120,119
Lower Rio Grande Valley,57,65,68,65,61,68,57,57,54,51,49,30,34,33,33,30,32,28,29,30,35,36,35,37,35,35,21,37,35,35,36,35,32,39,38,33,36,36,30,29,30,34,26,31,33,32,33,36,31,33,37,37,43,47,46,51,47,56,65,67,67,91,94,99,87,122,164,175,191,203,227,253,280,312,398,405,451,462,475,545,588,693,753,820,836,954,1097,1179,1216,1293,1197,1356,1351,1304,1300,1313,1528,1571,1536,1502,1595,1606,1269,1584,1531,1262,1547,1392,1379,1397,1449,1310,1249,1260,1243,1212,1185,1201,1213,1109,1101,1093,1083,985,967,918,906,839,797,730,728,702,667,677,624,647,610,588,586,549,545,545,504,498,499,458,447,421,402,408,425,408,402,386,379,379,360,346
Statewide Total,1338,1176,1409,1568,1459,1522,1321,1471,1414,1497,1678,1649,1664,1587,1542,1563,1682,1702,1686,1778,1725,1540,1533,1888,1812,1750,1734,1735,1626,1525,1725,1676,1648,1716,1791,1512,1551,1732,1791,1680,1578,1688,1572,1511,1534,1645,1692,1622,1752,1684,1756,1773,1805,1796,1855,1822,1878,1935,2056,2153,2059,2166,2242,2287,2326,2518,2793,2947,3148,3247,3409,3711,4092,4389,4739,5102,5523,5497,5913,6533,6904,7382,7652,7890,8181,8698,9286,9610,9689,10002,10083,10410,10405,10569,10471,10457,10632,10658,10592,10569,10848,10893,8858,10036,9827,10075,9794,9593,9595,9296,9336,8969,8610,8819,8674,8455,8302,8065,7872,7437,7304,7216,7028,6879,6632,6481,6267,6200,6210,5974,5635,5566,5274,5186,5019,4907,4806,4489,4422,4273,4172,4203,4144,4149,4075,3889,3973,3715,3537,3701,3604,3575,3465,3371,3319,3325,3311,3249